<?xml version="1.0" encoding="UTF-8"?>
<!DOCTYPE manifest PUBLIC "-//MECA//DTD Manifest v1.0//en" "MECA_manifest.dtd">
<manifest manifest-version="1" xmlns="https://manuscriptexchange.org/schema/manifest" xmlns:xlink="http://www.w3.org/1999/xlink">
  <item item-type="article-metadata">
    <instance media-type="text/xml" xlink:href="index.xml"/>
  </item>
  <item item-type="manuscript">
    <instance media-type="application/pdf" xlink:href="report-malyukov-bass.pdf"/>
  </item>
  <item item-type="manuscript">
    <instance media-type="application/vnd.openxmlformats-officedocument.wordprocessingml.document" xlink:href="report-malyukov-bass.docx"/>
  </item>
  <item item-type="manuscript">
    <instance media-type="text/plain" xlink:href="_tex/index.tex"/>
  </item>
  <item item-type="manuscript-supporting-file">
    <instance media-type="image/png" xlink:href="index_files/figure-jats/notebooks-2019-2024-cell-2-output-2.png"/>
  </item>
  <item item-type="manuscript-supporting-file">
    <instance media-type="image/png" xlink:href="index_files/figure-jats/notebooks-sector-cell-2-output-2.png"/>
  </item>
  <item item-type="manuscript-supporting-file">
    <instance media-type="image/png" xlink:href="index_files/figure-jats/notebooks-forecasting-cell-2-output-3.png"/>
  </item>
  <item item-type="manuscript-supporting-file">
    <instance media-type="image/png" xlink:href="index_files/figure-jats/notebooks-technical-cell-5-output-2.png"/>
  </item>
  <item item-type="manuscript-supporting-file">
    <instance media-type="image/png" xlink:href="index_files/figure-jats/notebooks-technical-cell-3-output-1.png"/>
  </item>
  <item item-type="manuscript-supporting-file">
    <instance media-type="image/png" xlink:href="index_files/figure-jats/notebooks-forecasting-cell-2-output-2.png"/>
  </item>
  <item item-type="manuscript-supporting-file">
    <instance media-type="image/png" xlink:href="index_files/figure-jats/notebooks-technical-cell-2-output-2.png"/>
  </item>
  <item item-type="manuscript-supporting-file">
    <instance media-type="image/png" xlink:href="index_files/figure-jats/notebooks-technical-cell-4-output-2.png"/>
  </item>
  <item item-type="manuscript-supporting-file">
    <instance media-type="image/png" xlink:href="sector_files/figure-jats/unnamed-chunk-1-1.png"/>
  </item>
  <item item-type="manuscript-supporting-file">
    <instance media-type="image/png" xlink:href="technical_files/figure-jats/unnamed-chunk-4-1.png"/>
  </item>
  <item item-type="manuscript-supporting-file">
    <instance media-type="image/png" xlink:href="technical_files/figure-jats/unnamed-chunk-1-1.png"/>
  </item>
  <item item-type="manuscript-supporting-file">
    <instance media-type="image/png" xlink:href="technical_files/figure-jats/unnamed-chunk-3-1.png"/>
  </item>
  <item item-type="manuscript-supporting-file">
    <instance media-type="image/png" xlink:href="technical_files/figure-jats/unnamed-chunk-2-1.png"/>
  </item>
  <item item-type="manuscript-supporting-file">
    <instance media-type="image/png" xlink:href="2019-2024_files/figure-jats/unnamed-chunk-1-1.png"/>
  </item>
  <item item-type="manuscript-supporting-file">
    <instance media-type="image/png" xlink:href="forecasting_files/figure-jats/unnamed-chunk-1-2.png"/>
  </item>
  <item item-type="manuscript-supporting-file">
    <instance media-type="image/png" xlink:href="forecasting_files/figure-jats/unnamed-chunk-1-1.png"/>
  </item>
  <item item-type="manuscript-supporting-file">
    <instance media-type="image/png" xlink:href="_tex/index_files/figure-latex/notebooks-2019-2024-cell-2-output-2.png"/>
  </item>
  <item item-type="manuscript-supporting-file">
    <instance media-type="image/png" xlink:href="_tex/index_files/figure-latex/notebooks-sector-cell-2-output-2.png"/>
  </item>
  <item item-type="manuscript-supporting-file">
    <instance media-type="image/png" xlink:href="_tex/index_files/figure-latex/notebooks-forecasting-cell-2-output-3.png"/>
  </item>
  <item item-type="manuscript-supporting-file">
    <instance media-type="image/png" xlink:href="_tex/index_files/figure-latex/notebooks-technical-cell-5-output-2.png"/>
  </item>
  <item item-type="manuscript-supporting-file">
    <instance media-type="image/png" xlink:href="_tex/index_files/figure-latex/notebooks-technical-cell-3-output-1.png"/>
  </item>
  <item item-type="manuscript-supporting-file">
    <instance media-type="image/png" xlink:href="_tex/index_files/figure-latex/notebooks-forecasting-cell-2-output-2.png"/>
  </item>
  <item item-type="manuscript-supporting-file">
    <instance media-type="image/png" xlink:href="_tex/index_files/figure-latex/notebooks-technical-cell-2-output-2.png"/>
  </item>
  <item item-type="manuscript-supporting-file">
    <instance media-type="image/png" xlink:href="_tex/index_files/figure-latex/notebooks-technical-cell-4-output-2.png"/>
  </item>
  <item item-type="manuscript-supporting-file">
    <instance media-type="application/octet-stream" xlink:href="_tex/references.bib"/>
  </item>
  <item item-type="manuscript-supporting-file">
    <instance media-type="application/octet-stream" xlink:href="notebooks/intro.qmd"/>
  </item>
  <item item-type="manuscript-supporting-file">
    <instance media-type="application/octet-stream" xlink:href="notebooks/sector.qmd"/>
  </item>
  <item item-type="manuscript-supporting-file">
    <instance media-type="application/octet-stream" xlink:href="notebooks/personality.qmd"/>
  </item>
  <item item-type="manuscript-supporting-file">
    <instance media-type="application/octet-stream" xlink:href="notebooks/fundamentals.qmd"/>
  </item>
  <item item-type="manuscript-supporting-file">
    <instance media-type="application/octet-stream" xlink:href="notebooks/technical.qmd"/>
  </item>
  <item item-type="manuscript-supporting-file">
    <instance media-type="application/octet-stream" xlink:href="notebooks/2019-2024.qmd"/>
  </item>
  <item item-type="manuscript-supporting-file">
    <instance media-type="application/octet-stream" xlink:href="notebooks/forecasting.qmd"/>
  </item>
  <item item-type="manuscript-supporting-file">
    <instance media-type="application/octet-stream" xlink:href="notebooks/summary.qmd"/>
  </item>
  <item item-type="article-source">
    <instance media-type="application/json" xlink:href="source/_freeze/index/execute-results/docx.json"/>
  </item>
  <item item-type="article-source">
    <instance media-type="application/json" xlink:href="source/_freeze/index/execute-results/html.json"/>
  </item>
  <item item-type="article-source">
    <instance media-type="application/json" xlink:href="source/_freeze/index/execute-results/tex.json"/>
  </item>
  <item item-type="article-source">
    <instance media-type="application/json" xlink:href="source/_freeze/notebooks/forecasting/execute-results/html.json"/>
  </item>
  <item item-type="article-source">
    <instance media-type="application/json" xlink:href="source/_freeze/notebooks/forecasting/execute-results/ipynb.json"/>
  </item>
  <item item-type="article-source">
    <instance media-type="application/json" xlink:href="source/_freeze/notebooks/forecasting/execute-results/xml.json"/>
  </item>
  <item item-type="article-source">
    <instance media-type="image/png" xlink:href="source/_freeze/notebooks/forecasting/figure-html/unnamed-chunk-1-1.png"/>
  </item>
  <item item-type="article-source">
    <instance media-type="image/png" xlink:href="source/_freeze/notebooks/forecasting/figure-html/unnamed-chunk-1-2.png"/>
  </item>
  <item item-type="article-source">
    <instance media-type="image/png" xlink:href="source/_freeze/notebooks/forecasting/figure-html/unnamed-chunk-1-3.png"/>
  </item>
  <item item-type="article-source">
    <instance media-type="image/png" xlink:href="source/_freeze/notebooks/forecasting/figure-ipynb/unnamed-chunk-1-1.png"/>
  </item>
  <item item-type="article-source">
    <instance media-type="image/png" xlink:href="source/_freeze/notebooks/forecasting/figure-ipynb/unnamed-chunk-1-2.png"/>
  </item>
  <item item-type="article-source">
    <instance media-type="image/png" xlink:href="source/_freeze/notebooks/forecasting/figure-ipynb/unnamed-chunk-1-3.png"/>
  </item>
  <item item-type="article-source">
    <instance media-type="image/png" xlink:href="source/_freeze/notebooks/forecasting/figure-jats/unnamed-chunk-1-1.png"/>
  </item>
  <item item-type="article-source">
    <instance media-type="application/json" xlink:href="source/_freeze/notebooks/fundamentals/execute-results/html.json"/>
  </item>
  <item item-type="article-source">
    <instance media-type="application/json" xlink:href="source/_freeze/notebooks/fundamentals/execute-results/ipynb.json"/>
  </item>
  <item item-type="article-source">
    <instance media-type="application/json" xlink:href="source/_freeze/notebooks/intro/execute-results/html.json"/>
  </item>
  <item item-type="article-source">
    <instance media-type="application/json" xlink:href="source/_freeze/notebooks/intro/execute-results/ipynb.json"/>
  </item>
  <item item-type="article-source">
    <instance media-type="application/json" xlink:href="source/_freeze/notebooks/intro/execute-results/xml.json"/>
  </item>
  <item item-type="article-source">
    <instance media-type="image/png" xlink:href="source/_freeze/notebooks/intro/figure-html/tbl-planets-1.png"/>
  </item>
  <item item-type="article-source">
    <instance media-type="image/png" xlink:href="source/_freeze/notebooks/intro/figure-html/unnamed-chunk-1-1.png"/>
  </item>
  <item item-type="article-source">
    <instance media-type="image/png" xlink:href="source/_freeze/notebooks/intro/figure-html/unnamed-chunk-2-1.png"/>
  </item>
  <item item-type="article-source">
    <instance media-type="image/png" xlink:href="source/_freeze/notebooks/intro/figure-ipynb/tbl-planets-1.png"/>
  </item>
  <item item-type="article-source">
    <instance media-type="image/png" xlink:href="source/_freeze/notebooks/intro/figure-ipynb/unnamed-chunk-1-1.png"/>
  </item>
  <item item-type="article-source">
    <instance media-type="image/png" xlink:href="source/_freeze/notebooks/intro/figure-ipynb/unnamed-chunk-2-1.png"/>
  </item>
  <item item-type="article-source">
    <instance media-type="image/png" xlink:href="source/_freeze/notebooks/intro/figure-jats/unnamed-chunk-1-1.png"/>
  </item>
  <item item-type="article-source">
    <instance media-type="application/json" xlink:href="source/_freeze/notebooks/sector/execute-results/html.json"/>
  </item>
  <item item-type="article-source">
    <instance media-type="application/json" xlink:href="source/_freeze/notebooks/sector/execute-results/ipynb.json"/>
  </item>
  <item item-type="article-source">
    <instance media-type="image/png" xlink:href="source/_freeze/notebooks/sector/figure-html/comparison-1.png"/>
  </item>
  <item item-type="article-source">
    <instance media-type="image/png" xlink:href="source/_freeze/notebooks/sector/figure-html/cumulative-returns-1.png"/>
  </item>
  <item item-type="article-source">
    <instance media-type="image/png" xlink:href="source/_freeze/notebooks/sector/figure-html/price dynamics-1.png"/>
  </item>
  <item item-type="article-source">
    <instance media-type="image/png" xlink:href="source/_freeze/notebooks/sector/figure-html/unnamed-chunk-1-1.png"/>
  </item>
  <item item-type="article-source">
    <instance media-type="image/png" xlink:href="source/_freeze/notebooks/sector/figure-ipynb/comparison-1.png"/>
  </item>
  <item item-type="article-source">
    <instance media-type="image/png" xlink:href="source/_freeze/notebooks/sector/figure-ipynb/cumulative-returns-1.png"/>
  </item>
  <item item-type="article-source">
    <instance media-type="image/png" xlink:href="source/_freeze/notebooks/sector/figure-ipynb/price dynamics-1.png"/>
  </item>
  <item item-type="article-source">
    <instance media-type="application/json" xlink:href="source/_freeze/notebooks/technical/execute-results/html.json"/>
  </item>
  <item item-type="article-source">
    <instance media-type="application/json" xlink:href="source/_freeze/notebooks/technical/execute-results/ipynb.json"/>
  </item>
  <item item-type="article-source">
    <instance media-type="image/png" xlink:href="source/_freeze/notebooks/technical/figure-html/unnamed-chunk-1-1.png"/>
  </item>
  <item item-type="article-source">
    <instance media-type="image/png" xlink:href="source/_freeze/notebooks/technical/figure-html/unnamed-chunk-1-10.png"/>
  </item>
  <item item-type="article-source">
    <instance media-type="image/png" xlink:href="source/_freeze/notebooks/technical/figure-html/unnamed-chunk-1-11.png"/>
  </item>
  <item item-type="article-source">
    <instance media-type="image/png" xlink:href="source/_freeze/notebooks/technical/figure-html/unnamed-chunk-1-2.png"/>
  </item>
  <item item-type="article-source">
    <instance media-type="image/png" xlink:href="source/_freeze/notebooks/technical/figure-html/unnamed-chunk-1-3.png"/>
  </item>
  <item item-type="article-source">
    <instance media-type="image/png" xlink:href="source/_freeze/notebooks/technical/figure-html/unnamed-chunk-1-4.png"/>
  </item>
  <item item-type="article-source">
    <instance media-type="image/png" xlink:href="source/_freeze/notebooks/technical/figure-html/unnamed-chunk-1-5.png"/>
  </item>
  <item item-type="article-source">
    <instance media-type="image/png" xlink:href="source/_freeze/notebooks/technical/figure-html/unnamed-chunk-1-6.png"/>
  </item>
  <item item-type="article-source">
    <instance media-type="image/png" xlink:href="source/_freeze/notebooks/technical/figure-html/unnamed-chunk-1-7.png"/>
  </item>
  <item item-type="article-source">
    <instance media-type="image/png" xlink:href="source/_freeze/notebooks/technical/figure-html/unnamed-chunk-1-8.png"/>
  </item>
  <item item-type="article-source">
    <instance media-type="image/png" xlink:href="source/_freeze/notebooks/technical/figure-html/unnamed-chunk-1-9.png"/>
  </item>
  <item item-type="article-source">
    <instance media-type="image/png" xlink:href="source/_freeze/notebooks/technical/figure-html/unnamed-chunk-2-1.png"/>
  </item>
  <item item-type="article-source">
    <instance media-type="image/png" xlink:href="source/_freeze/notebooks/technical/figure-html/unnamed-chunk-2-10.png"/>
  </item>
  <item item-type="article-source">
    <instance media-type="image/png" xlink:href="source/_freeze/notebooks/technical/figure-html/unnamed-chunk-2-11.png"/>
  </item>
  <item item-type="article-source">
    <instance media-type="image/png" xlink:href="source/_freeze/notebooks/technical/figure-html/unnamed-chunk-2-2.png"/>
  </item>
  <item item-type="article-source">
    <instance media-type="image/png" xlink:href="source/_freeze/notebooks/technical/figure-html/unnamed-chunk-2-3.png"/>
  </item>
  <item item-type="article-source">
    <instance media-type="image/png" xlink:href="source/_freeze/notebooks/technical/figure-html/unnamed-chunk-2-4.png"/>
  </item>
  <item item-type="article-source">
    <instance media-type="image/png" xlink:href="source/_freeze/notebooks/technical/figure-html/unnamed-chunk-2-5.png"/>
  </item>
  <item item-type="article-source">
    <instance media-type="image/png" xlink:href="source/_freeze/notebooks/technical/figure-html/unnamed-chunk-2-6.png"/>
  </item>
  <item item-type="article-source">
    <instance media-type="image/png" xlink:href="source/_freeze/notebooks/technical/figure-html/unnamed-chunk-2-7.png"/>
  </item>
  <item item-type="article-source">
    <instance media-type="image/png" xlink:href="source/_freeze/notebooks/technical/figure-html/unnamed-chunk-2-8.png"/>
  </item>
  <item item-type="article-source">
    <instance media-type="image/png" xlink:href="source/_freeze/notebooks/technical/figure-html/unnamed-chunk-2-9.png"/>
  </item>
  <item item-type="article-source">
    <instance media-type="image/png" xlink:href="source/_freeze/notebooks/technical/figure-html/unnamed-chunk-3-1.png"/>
  </item>
  <item item-type="article-source">
    <instance media-type="image/png" xlink:href="source/_freeze/notebooks/technical/figure-html/unnamed-chunk-3-10.png"/>
  </item>
  <item item-type="article-source">
    <instance media-type="image/png" xlink:href="source/_freeze/notebooks/technical/figure-html/unnamed-chunk-3-11.png"/>
  </item>
  <item item-type="article-source">
    <instance media-type="image/png" xlink:href="source/_freeze/notebooks/technical/figure-html/unnamed-chunk-3-2.png"/>
  </item>
  <item item-type="article-source">
    <instance media-type="image/png" xlink:href="source/_freeze/notebooks/technical/figure-html/unnamed-chunk-3-3.png"/>
  </item>
  <item item-type="article-source">
    <instance media-type="image/png" xlink:href="source/_freeze/notebooks/technical/figure-html/unnamed-chunk-3-4.png"/>
  </item>
  <item item-type="article-source">
    <instance media-type="image/png" xlink:href="source/_freeze/notebooks/technical/figure-html/unnamed-chunk-3-5.png"/>
  </item>
  <item item-type="article-source">
    <instance media-type="image/png" xlink:href="source/_freeze/notebooks/technical/figure-html/unnamed-chunk-3-6.png"/>
  </item>
  <item item-type="article-source">
    <instance media-type="image/png" xlink:href="source/_freeze/notebooks/technical/figure-html/unnamed-chunk-3-7.png"/>
  </item>
  <item item-type="article-source">
    <instance media-type="image/png" xlink:href="source/_freeze/notebooks/technical/figure-html/unnamed-chunk-3-8.png"/>
  </item>
  <item item-type="article-source">
    <instance media-type="image/png" xlink:href="source/_freeze/notebooks/technical/figure-html/unnamed-chunk-3-9.png"/>
  </item>
  <item item-type="article-source">
    <instance media-type="image/png" xlink:href="source/_freeze/notebooks/technical/figure-html/unnamed-chunk-4-1.png"/>
  </item>
  <item item-type="article-source">
    <instance media-type="image/png" xlink:href="source/_freeze/notebooks/technical/figure-html/unnamed-chunk-4-10.png"/>
  </item>
  <item item-type="article-source">
    <instance media-type="image/png" xlink:href="source/_freeze/notebooks/technical/figure-html/unnamed-chunk-4-11.png"/>
  </item>
  <item item-type="article-source">
    <instance media-type="image/png" xlink:href="source/_freeze/notebooks/technical/figure-html/unnamed-chunk-4-2.png"/>
  </item>
  <item item-type="article-source">
    <instance media-type="image/png" xlink:href="source/_freeze/notebooks/technical/figure-html/unnamed-chunk-4-3.png"/>
  </item>
  <item item-type="article-source">
    <instance media-type="image/png" xlink:href="source/_freeze/notebooks/technical/figure-html/unnamed-chunk-4-4.png"/>
  </item>
  <item item-type="article-source">
    <instance media-type="image/png" xlink:href="source/_freeze/notebooks/technical/figure-html/unnamed-chunk-4-5.png"/>
  </item>
  <item item-type="article-source">
    <instance media-type="image/png" xlink:href="source/_freeze/notebooks/technical/figure-html/unnamed-chunk-4-6.png"/>
  </item>
  <item item-type="article-source">
    <instance media-type="image/png" xlink:href="source/_freeze/notebooks/technical/figure-html/unnamed-chunk-4-7.png"/>
  </item>
  <item item-type="article-source">
    <instance media-type="image/png" xlink:href="source/_freeze/notebooks/technical/figure-html/unnamed-chunk-4-8.png"/>
  </item>
  <item item-type="article-source">
    <instance media-type="image/png" xlink:href="source/_freeze/notebooks/technical/figure-html/unnamed-chunk-4-9.png"/>
  </item>
  <item item-type="article-source">
    <instance media-type="image/png" xlink:href="source/_freeze/notebooks/technical/figure-ipynb/unnamed-chunk-1-1.png"/>
  </item>
  <item item-type="article-source">
    <instance media-type="image/png" xlink:href="source/_freeze/notebooks/technical/figure-ipynb/unnamed-chunk-1-10.png"/>
  </item>
  <item item-type="article-source">
    <instance media-type="image/png" xlink:href="source/_freeze/notebooks/technical/figure-ipynb/unnamed-chunk-1-11.png"/>
  </item>
  <item item-type="article-source">
    <instance media-type="image/png" xlink:href="source/_freeze/notebooks/technical/figure-ipynb/unnamed-chunk-1-2.png"/>
  </item>
  <item item-type="article-source">
    <instance media-type="image/png" xlink:href="source/_freeze/notebooks/technical/figure-ipynb/unnamed-chunk-1-3.png"/>
  </item>
  <item item-type="article-source">
    <instance media-type="image/png" xlink:href="source/_freeze/notebooks/technical/figure-ipynb/unnamed-chunk-1-4.png"/>
  </item>
  <item item-type="article-source">
    <instance media-type="image/png" xlink:href="source/_freeze/notebooks/technical/figure-ipynb/unnamed-chunk-1-5.png"/>
  </item>
  <item item-type="article-source">
    <instance media-type="image/png" xlink:href="source/_freeze/notebooks/technical/figure-ipynb/unnamed-chunk-1-6.png"/>
  </item>
  <item item-type="article-source">
    <instance media-type="image/png" xlink:href="source/_freeze/notebooks/technical/figure-ipynb/unnamed-chunk-1-7.png"/>
  </item>
  <item item-type="article-source">
    <instance media-type="image/png" xlink:href="source/_freeze/notebooks/technical/figure-ipynb/unnamed-chunk-1-8.png"/>
  </item>
  <item item-type="article-source">
    <instance media-type="image/png" xlink:href="source/_freeze/notebooks/technical/figure-ipynb/unnamed-chunk-1-9.png"/>
  </item>
  <item item-type="article-source">
    <instance media-type="image/png" xlink:href="source/_freeze/notebooks/technical/figure-ipynb/unnamed-chunk-2-1.png"/>
  </item>
  <item item-type="article-source">
    <instance media-type="image/png" xlink:href="source/_freeze/notebooks/technical/figure-ipynb/unnamed-chunk-2-10.png"/>
  </item>
  <item item-type="article-source">
    <instance media-type="image/png" xlink:href="source/_freeze/notebooks/technical/figure-ipynb/unnamed-chunk-2-11.png"/>
  </item>
  <item item-type="article-source">
    <instance media-type="image/png" xlink:href="source/_freeze/notebooks/technical/figure-ipynb/unnamed-chunk-2-2.png"/>
  </item>
  <item item-type="article-source">
    <instance media-type="image/png" xlink:href="source/_freeze/notebooks/technical/figure-ipynb/unnamed-chunk-2-3.png"/>
  </item>
  <item item-type="article-source">
    <instance media-type="image/png" xlink:href="source/_freeze/notebooks/technical/figure-ipynb/unnamed-chunk-2-4.png"/>
  </item>
  <item item-type="article-source">
    <instance media-type="image/png" xlink:href="source/_freeze/notebooks/technical/figure-ipynb/unnamed-chunk-2-5.png"/>
  </item>
  <item item-type="article-source">
    <instance media-type="image/png" xlink:href="source/_freeze/notebooks/technical/figure-ipynb/unnamed-chunk-2-6.png"/>
  </item>
  <item item-type="article-source">
    <instance media-type="image/png" xlink:href="source/_freeze/notebooks/technical/figure-ipynb/unnamed-chunk-2-7.png"/>
  </item>
  <item item-type="article-source">
    <instance media-type="image/png" xlink:href="source/_freeze/notebooks/technical/figure-ipynb/unnamed-chunk-2-8.png"/>
  </item>
  <item item-type="article-source">
    <instance media-type="image/png" xlink:href="source/_freeze/notebooks/technical/figure-ipynb/unnamed-chunk-2-9.png"/>
  </item>
  <item item-type="article-source">
    <instance media-type="image/png" xlink:href="source/_freeze/notebooks/technical/figure-ipynb/unnamed-chunk-3-1.png"/>
  </item>
  <item item-type="article-source">
    <instance media-type="image/png" xlink:href="source/_freeze/notebooks/technical/figure-ipynb/unnamed-chunk-4-1.png"/>
  </item>
  <item item-type="article-source">
    <instance media-type="image/png" xlink:href="source/_freeze/notebooks/technical/figure-ipynb/unnamed-chunk-4-10.png"/>
  </item>
  <item item-type="article-source">
    <instance media-type="image/png" xlink:href="source/_freeze/notebooks/technical/figure-ipynb/unnamed-chunk-4-11.png"/>
  </item>
  <item item-type="article-source">
    <instance media-type="image/png" xlink:href="source/_freeze/notebooks/technical/figure-ipynb/unnamed-chunk-4-2.png"/>
  </item>
  <item item-type="article-source">
    <instance media-type="image/png" xlink:href="source/_freeze/notebooks/technical/figure-ipynb/unnamed-chunk-4-3.png"/>
  </item>
  <item item-type="article-source">
    <instance media-type="image/png" xlink:href="source/_freeze/notebooks/technical/figure-ipynb/unnamed-chunk-4-4.png"/>
  </item>
  <item item-type="article-source">
    <instance media-type="image/png" xlink:href="source/_freeze/notebooks/technical/figure-ipynb/unnamed-chunk-4-5.png"/>
  </item>
  <item item-type="article-source">
    <instance media-type="image/png" xlink:href="source/_freeze/notebooks/technical/figure-ipynb/unnamed-chunk-4-6.png"/>
  </item>
  <item item-type="article-source">
    <instance media-type="image/png" xlink:href="source/_freeze/notebooks/technical/figure-ipynb/unnamed-chunk-4-7.png"/>
  </item>
  <item item-type="article-source">
    <instance media-type="image/png" xlink:href="source/_freeze/notebooks/technical/figure-ipynb/unnamed-chunk-4-8.png"/>
  </item>
  <item item-type="article-source">
    <instance media-type="image/png" xlink:href="source/_freeze/notebooks/technical/figure-ipynb/unnamed-chunk-4-9.png"/>
  </item>
  <item item-type="article-source">
    <instance media-type="text/css" xlink:href="source/_freeze/site_libs/bootstrap/bootstrap-bac1c56864119d97d87e9872e9e076ce.min.css"/>
  </item>
  <item item-type="article-source">
    <instance media-type="text/css" xlink:href="source/_freeze/site_libs/bootstrap/bootstrap-icons.css"/>
  </item>
  <item item-type="article-source">
    <instance media-type="application/font-woff" xlink:href="source/_freeze/site_libs/bootstrap/bootstrap-icons.woff"/>
  </item>
  <item item-type="article-source">
    <instance media-type="application/javascript" xlink:href="source/_freeze/site_libs/bootstrap/bootstrap.min.js"/>
  </item>
  <item item-type="article-source">
    <instance media-type="application/javascript" xlink:href="source/_freeze/site_libs/clipboard/clipboard.min.js"/>
  </item>
  <item item-type="article-source">
    <instance media-type="application/javascript" xlink:href="source/_freeze/site_libs/kePrint-0.0.1/kePrint.js"/>
  </item>
  <item item-type="article-source">
    <instance media-type="text/css" xlink:href="source/_freeze/site_libs/lightable-0.0.1/lightable.css"/>
  </item>
  <item item-type="article-source">
    <instance media-type="application/javascript" xlink:href="source/_freeze/site_libs/manuscript-notebook/headroom.min.js"/>
  </item>
  <item item-type="article-source">
    <instance media-type="text/css" xlink:href="source/_freeze/site_libs/quarto-contrib/glightbox/glightbox.min.css"/>
  </item>
  <item item-type="article-source">
    <instance media-type="application/javascript" xlink:href="source/_freeze/site_libs/quarto-contrib/glightbox/glightbox.min.js"/>
  </item>
  <item item-type="article-source">
    <instance media-type="text/css" xlink:href="source/_freeze/site_libs/quarto-contrib/glightbox/lightbox.css"/>
  </item>
  <item item-type="article-source">
    <instance media-type="application/javascript" xlink:href="source/_freeze/site_libs/quarto-html/anchor.min.js"/>
  </item>
  <item item-type="article-source">
    <instance media-type="application/javascript" xlink:href="source/_freeze/site_libs/quarto-html/popper.min.js"/>
  </item>
  <item item-type="article-source">
    <instance media-type="text/css" xlink:href="source/_freeze/site_libs/quarto-html/quarto-syntax-highlighting-549806ee2085284f45b00abea8c6df48.css"/>
  </item>
  <item item-type="article-source">
    <instance media-type="application/javascript" xlink:href="source/_freeze/site_libs/quarto-html/quarto.js"/>
  </item>
  <item item-type="article-source">
    <instance media-type="text/css" xlink:href="source/_freeze/site_libs/quarto-html/tippy.css"/>
  </item>
  <item item-type="article-source">
    <instance media-type="application/javascript" xlink:href="source/_freeze/site_libs/quarto-html/tippy.umd.min.js"/>
  </item>
  <item item-type="article-source">
    <instance media-type="text/plain" xlink:href="source/_output/_tex/index.tex"/>
  </item>
  <item item-type="article-source">
    <instance media-type="image/png" xlink:href="source/_output/_tex/index_files/figure-latex/notebooks-forecasting-cell-2-output-2.png"/>
  </item>
  <item item-type="article-source">
    <instance media-type="image/png" xlink:href="source/_output/_tex/index_files/figure-latex/notebooks-sector-cell-2-output-2.png"/>
  </item>
  <item item-type="article-source">
    <instance media-type="image/png" xlink:href="source/_output/_tex/index_files/figure-latex/notebooks-technical-cell-2-output-2.png"/>
  </item>
  <item item-type="article-source">
    <instance media-type="image/png" xlink:href="source/_output/_tex/index_files/figure-latex/notebooks-technical-cell-3-output-1.png"/>
  </item>
  <item item-type="article-source">
    <instance media-type="image/png" xlink:href="source/_output/_tex/index_files/figure-latex/notebooks-technical-cell-4-output-2.png"/>
  </item>
  <item item-type="article-source">
    <instance media-type="application/octet-stream" xlink:href="source/_output/_tex/references.bib"/>
  </item>
  <item item-type="article-source">
    <instance media-type="image/png" xlink:href="source/_output/forecasting_files/figure-jats/unnamed-chunk-1-1.png"/>
  </item>
  <item item-type="article-source">
    <instance media-type="text/html" xlink:href="source/_output/index.html"/>
  </item>
  <item item-type="article-source">
    <instance media-type="text/xml" xlink:href="source/_output/index.xml"/>
  </item>
  <item item-type="article-source">
    <instance media-type="image/png" xlink:href="source/_output/index_files/figure-html/notebooks-forecasting-cell-2-output-2.png"/>
  </item>
  <item item-type="article-source">
    <instance media-type="image/png" xlink:href="source/_output/index_files/figure-html/notebooks-forecasting-cell-2-output-3.png"/>
  </item>
  <item item-type="article-source">
    <instance media-type="image/png" xlink:href="source/_output/index_files/figure-html/notebooks-sector-cell-2-output-2.png"/>
  </item>
  <item item-type="article-source">
    <instance media-type="image/png" xlink:href="source/_output/index_files/figure-html/notebooks-technical-cell-2-output-2.png"/>
  </item>
  <item item-type="article-source">
    <instance media-type="image/png" xlink:href="source/_output/index_files/figure-html/notebooks-technical-cell-3-output-1.png"/>
  </item>
  <item item-type="article-source">
    <instance media-type="image/png" xlink:href="source/_output/index_files/figure-html/notebooks-technical-cell-4-output-2.png"/>
  </item>
  <item item-type="article-source">
    <instance media-type="image/png" xlink:href="source/_output/index_files/figure-html/notebooks-technical-cell-5-output-2.png"/>
  </item>
  <item item-type="article-source">
    <instance media-type="image/png" xlink:href="source/_output/index_files/figure-jats/notebooks-forecasting-cell-2-output-2.png"/>
  </item>
  <item item-type="article-source">
    <instance media-type="text/html" xlink:href="source/_output/notebooks/2019-2024-preview.html"/>
  </item>
  <item item-type="article-source">
    <instance media-type="application/x-ipynb+json" xlink:href="source/_output/notebooks/2019-2024.out.ipynb"/>
  </item>
  <item item-type="article-source">
    <instance media-type="application/octet-stream" xlink:href="source/_output/notebooks/2019-2024.qmd"/>
  </item>
  <item item-type="article-source">
    <instance media-type="text/html" xlink:href="source/_output/notebooks/forecasting-preview.html"/>
  </item>
  <item item-type="article-source">
    <instance media-type="application/x-ipynb+json" xlink:href="source/_output/notebooks/forecasting.out.ipynb"/>
  </item>
  <item item-type="article-source">
    <instance media-type="application/octet-stream" xlink:href="source/_output/notebooks/forecasting.qmd"/>
  </item>
  <item item-type="article-source">
    <instance media-type="text/html" xlink:href="source/_output/notebooks/fundamentals-preview.html"/>
  </item>
  <item item-type="article-source">
    <instance media-type="application/x-ipynb+json" xlink:href="source/_output/notebooks/fundamentals.out.ipynb"/>
  </item>
  <item item-type="article-source">
    <instance media-type="application/octet-stream" xlink:href="source/_output/notebooks/fundamentals.qmd"/>
  </item>
  <item item-type="article-source">
    <instance media-type="text/html" xlink:href="source/_output/notebooks/intro-preview.html"/>
  </item>
  <item item-type="article-source">
    <instance media-type="application/x-ipynb+json" xlink:href="source/_output/notebooks/intro.out.ipynb"/>
  </item>
  <item item-type="article-source">
    <instance media-type="application/octet-stream" xlink:href="source/_output/notebooks/intro.qmd"/>
  </item>
  <item item-type="article-source">
    <instance media-type="text/html" xlink:href="source/_output/notebooks/personality-preview.html"/>
  </item>
  <item item-type="article-source">
    <instance media-type="application/x-ipynb+json" xlink:href="source/_output/notebooks/personality.out.ipynb"/>
  </item>
  <item item-type="article-source">
    <instance media-type="application/octet-stream" xlink:href="source/_output/notebooks/personality.qmd"/>
  </item>
  <item item-type="article-source">
    <instance media-type="text/html" xlink:href="source/_output/notebooks/sector-preview.html"/>
  </item>
  <item item-type="article-source">
    <instance media-type="application/x-ipynb+json" xlink:href="source/_output/notebooks/sector.out.ipynb"/>
  </item>
  <item item-type="article-source">
    <instance media-type="application/octet-stream" xlink:href="source/_output/notebooks/sector.qmd"/>
  </item>
  <item item-type="article-source">
    <instance media-type="image/png" xlink:href="source/_output/notebooks/sector_files/figure-html/comparison-1.png"/>
  </item>
  <item item-type="article-source">
    <instance media-type="image/png" xlink:href="source/_output/notebooks/sector_files/figure-html/cumulative-returns-1.png"/>
  </item>
  <item item-type="article-source">
    <instance media-type="image/png" xlink:href="source/_output/notebooks/sector_files/figure-html/price dynamics-1.png"/>
  </item>
  <item item-type="article-source">
    <instance media-type="image/png" xlink:href="source/_output/notebooks/sector_files/figure-html/unnamed-chunk-1-1.png"/>
  </item>
  <item item-type="article-source">
    <instance media-type="text/html" xlink:href="source/_output/notebooks/summary-preview.html"/>
  </item>
  <item item-type="article-source">
    <instance media-type="application/x-ipynb+json" xlink:href="source/_output/notebooks/summary.out.ipynb"/>
  </item>
  <item item-type="article-source">
    <instance media-type="application/octet-stream" xlink:href="source/_output/notebooks/summary.qmd"/>
  </item>
  <item item-type="article-source">
    <instance media-type="text/html" xlink:href="source/_output/notebooks/technical-preview.html"/>
  </item>
  <item item-type="article-source">
    <instance media-type="application/x-ipynb+json" xlink:href="source/_output/notebooks/technical.out.ipynb"/>
  </item>
  <item item-type="article-source">
    <instance media-type="application/octet-stream" xlink:href="source/_output/notebooks/technical.qmd"/>
  </item>
  <item item-type="article-source">
    <instance media-type="image/png" xlink:href="source/_output/notebooks/technical_files/figure-html/unnamed-chunk-1-1.png"/>
  </item>
  <item item-type="article-source">
    <instance media-type="image/png" xlink:href="source/_output/notebooks/technical_files/figure-html/unnamed-chunk-1-10.png"/>
  </item>
  <item item-type="article-source">
    <instance media-type="image/png" xlink:href="source/_output/notebooks/technical_files/figure-html/unnamed-chunk-1-11.png"/>
  </item>
  <item item-type="article-source">
    <instance media-type="image/png" xlink:href="source/_output/notebooks/technical_files/figure-html/unnamed-chunk-1-2.png"/>
  </item>
  <item item-type="article-source">
    <instance media-type="image/png" xlink:href="source/_output/notebooks/technical_files/figure-html/unnamed-chunk-1-3.png"/>
  </item>
  <item item-type="article-source">
    <instance media-type="image/png" xlink:href="source/_output/notebooks/technical_files/figure-html/unnamed-chunk-1-4.png"/>
  </item>
  <item item-type="article-source">
    <instance media-type="image/png" xlink:href="source/_output/notebooks/technical_files/figure-html/unnamed-chunk-1-5.png"/>
  </item>
  <item item-type="article-source">
    <instance media-type="image/png" xlink:href="source/_output/notebooks/technical_files/figure-html/unnamed-chunk-1-6.png"/>
  </item>
  <item item-type="article-source">
    <instance media-type="image/png" xlink:href="source/_output/notebooks/technical_files/figure-html/unnamed-chunk-1-7.png"/>
  </item>
  <item item-type="article-source">
    <instance media-type="image/png" xlink:href="source/_output/notebooks/technical_files/figure-html/unnamed-chunk-1-8.png"/>
  </item>
  <item item-type="article-source">
    <instance media-type="image/png" xlink:href="source/_output/notebooks/technical_files/figure-html/unnamed-chunk-1-9.png"/>
  </item>
  <item item-type="article-source">
    <instance media-type="image/png" xlink:href="source/_output/notebooks/technical_files/figure-html/unnamed-chunk-2-1.png"/>
  </item>
  <item item-type="article-source">
    <instance media-type="image/png" xlink:href="source/_output/notebooks/technical_files/figure-html/unnamed-chunk-2-10.png"/>
  </item>
  <item item-type="article-source">
    <instance media-type="image/png" xlink:href="source/_output/notebooks/technical_files/figure-html/unnamed-chunk-2-11.png"/>
  </item>
  <item item-type="article-source">
    <instance media-type="image/png" xlink:href="source/_output/notebooks/technical_files/figure-html/unnamed-chunk-2-2.png"/>
  </item>
  <item item-type="article-source">
    <instance media-type="image/png" xlink:href="source/_output/notebooks/technical_files/figure-html/unnamed-chunk-2-3.png"/>
  </item>
  <item item-type="article-source">
    <instance media-type="image/png" xlink:href="source/_output/notebooks/technical_files/figure-html/unnamed-chunk-2-4.png"/>
  </item>
  <item item-type="article-source">
    <instance media-type="image/png" xlink:href="source/_output/notebooks/technical_files/figure-html/unnamed-chunk-2-5.png"/>
  </item>
  <item item-type="article-source">
    <instance media-type="image/png" xlink:href="source/_output/notebooks/technical_files/figure-html/unnamed-chunk-2-6.png"/>
  </item>
  <item item-type="article-source">
    <instance media-type="image/png" xlink:href="source/_output/notebooks/technical_files/figure-html/unnamed-chunk-2-7.png"/>
  </item>
  <item item-type="article-source">
    <instance media-type="image/png" xlink:href="source/_output/notebooks/technical_files/figure-html/unnamed-chunk-2-8.png"/>
  </item>
  <item item-type="article-source">
    <instance media-type="image/png" xlink:href="source/_output/notebooks/technical_files/figure-html/unnamed-chunk-2-9.png"/>
  </item>
  <item item-type="article-source">
    <instance media-type="image/png" xlink:href="source/_output/notebooks/technical_files/figure-html/unnamed-chunk-3-1.png"/>
  </item>
  <item item-type="article-source">
    <instance media-type="image/png" xlink:href="source/_output/notebooks/technical_files/figure-html/unnamed-chunk-3-10.png"/>
  </item>
  <item item-type="article-source">
    <instance media-type="image/png" xlink:href="source/_output/notebooks/technical_files/figure-html/unnamed-chunk-3-11.png"/>
  </item>
  <item item-type="article-source">
    <instance media-type="image/png" xlink:href="source/_output/notebooks/technical_files/figure-html/unnamed-chunk-3-2.png"/>
  </item>
  <item item-type="article-source">
    <instance media-type="image/png" xlink:href="source/_output/notebooks/technical_files/figure-html/unnamed-chunk-3-3.png"/>
  </item>
  <item item-type="article-source">
    <instance media-type="image/png" xlink:href="source/_output/notebooks/technical_files/figure-html/unnamed-chunk-3-4.png"/>
  </item>
  <item item-type="article-source">
    <instance media-type="image/png" xlink:href="source/_output/notebooks/technical_files/figure-html/unnamed-chunk-3-5.png"/>
  </item>
  <item item-type="article-source">
    <instance media-type="image/png" xlink:href="source/_output/notebooks/technical_files/figure-html/unnamed-chunk-3-6.png"/>
  </item>
  <item item-type="article-source">
    <instance media-type="image/png" xlink:href="source/_output/notebooks/technical_files/figure-html/unnamed-chunk-3-7.png"/>
  </item>
  <item item-type="article-source">
    <instance media-type="image/png" xlink:href="source/_output/notebooks/technical_files/figure-html/unnamed-chunk-3-8.png"/>
  </item>
  <item item-type="article-source">
    <instance media-type="image/png" xlink:href="source/_output/notebooks/technical_files/figure-html/unnamed-chunk-3-9.png"/>
  </item>
  <item item-type="article-source">
    <instance media-type="image/png" xlink:href="source/_output/notebooks/technical_files/figure-html/unnamed-chunk-4-1.png"/>
  </item>
  <item item-type="article-source">
    <instance media-type="image/png" xlink:href="source/_output/notebooks/technical_files/figure-html/unnamed-chunk-4-10.png"/>
  </item>
  <item item-type="article-source">
    <instance media-type="image/png" xlink:href="source/_output/notebooks/technical_files/figure-html/unnamed-chunk-4-11.png"/>
  </item>
  <item item-type="article-source">
    <instance media-type="image/png" xlink:href="source/_output/notebooks/technical_files/figure-html/unnamed-chunk-4-2.png"/>
  </item>
  <item item-type="article-source">
    <instance media-type="image/png" xlink:href="source/_output/notebooks/technical_files/figure-html/unnamed-chunk-4-3.png"/>
  </item>
  <item item-type="article-source">
    <instance media-type="image/png" xlink:href="source/_output/notebooks/technical_files/figure-html/unnamed-chunk-4-4.png"/>
  </item>
  <item item-type="article-source">
    <instance media-type="image/png" xlink:href="source/_output/notebooks/technical_files/figure-html/unnamed-chunk-4-5.png"/>
  </item>
  <item item-type="article-source">
    <instance media-type="image/png" xlink:href="source/_output/notebooks/technical_files/figure-html/unnamed-chunk-4-6.png"/>
  </item>
  <item item-type="article-source">
    <instance media-type="image/png" xlink:href="source/_output/notebooks/technical_files/figure-html/unnamed-chunk-4-7.png"/>
  </item>
  <item item-type="article-source">
    <instance media-type="image/png" xlink:href="source/_output/notebooks/technical_files/figure-html/unnamed-chunk-4-8.png"/>
  </item>
  <item item-type="article-source">
    <instance media-type="image/png" xlink:href="source/_output/notebooks/technical_files/figure-html/unnamed-chunk-4-9.png"/>
  </item>
  <item item-type="article-source">
    <instance media-type="application/vnd.openxmlformats-officedocument.wordprocessingml.document" xlink:href="source/_output/report-malyukov-bass.docx"/>
  </item>
  <item item-type="article-source">
    <instance media-type="application/pdf" xlink:href="source/_output/report-malyukov-bass.pdf"/>
  </item>
  <item item-type="article-source">
    <instance media-type="text/css" xlink:href="source/_output/site_libs/bootstrap/bootstrap-bac1c56864119d97d87e9872e9e076ce.min.css"/>
  </item>
  <item item-type="article-source">
    <instance media-type="text/css" xlink:href="source/_output/site_libs/bootstrap/bootstrap-icons.css"/>
  </item>
  <item item-type="article-source">
    <instance media-type="application/font-woff" xlink:href="source/_output/site_libs/bootstrap/bootstrap-icons.woff"/>
  </item>
  <item item-type="article-source">
    <instance media-type="application/javascript" xlink:href="source/_output/site_libs/bootstrap/bootstrap.min.js"/>
  </item>
  <item item-type="article-source">
    <instance media-type="application/javascript" xlink:href="source/_output/site_libs/clipboard/clipboard.min.js"/>
  </item>
  <item item-type="article-source">
    <instance media-type="application/javascript" xlink:href="source/_output/site_libs/kePrint-0.0.1/kePrint.js"/>
  </item>
  <item item-type="article-source">
    <instance media-type="text/css" xlink:href="source/_output/site_libs/lightable-0.0.1/lightable.css"/>
  </item>
  <item item-type="article-source">
    <instance media-type="application/javascript" xlink:href="source/_output/site_libs/manuscript-notebook/headroom.min.js"/>
  </item>
  <item item-type="article-source">
    <instance media-type="text/css" xlink:href="source/_output/site_libs/quarto-contrib/glightbox/glightbox.min.css"/>
  </item>
  <item item-type="article-source">
    <instance media-type="application/javascript" xlink:href="source/_output/site_libs/quarto-contrib/glightbox/glightbox.min.js"/>
  </item>
  <item item-type="article-source">
    <instance media-type="text/css" xlink:href="source/_output/site_libs/quarto-contrib/glightbox/lightbox.css"/>
  </item>
  <item item-type="article-source">
    <instance media-type="application/javascript" xlink:href="source/_output/site_libs/quarto-html/anchor.min.js"/>
  </item>
  <item item-type="article-source">
    <instance media-type="application/javascript" xlink:href="source/_output/site_libs/quarto-html/popper.min.js"/>
  </item>
  <item item-type="article-source">
    <instance media-type="text/css" xlink:href="source/_output/site_libs/quarto-html/quarto-syntax-highlighting-549806ee2085284f45b00abea8c6df48.css"/>
  </item>
  <item item-type="article-source">
    <instance media-type="application/javascript" xlink:href="source/_output/site_libs/quarto-html/quarto.js"/>
  </item>
  <item item-type="article-source">
    <instance media-type="text/css" xlink:href="source/_output/site_libs/quarto-html/tippy.css"/>
  </item>
  <item item-type="article-source">
    <instance media-type="application/javascript" xlink:href="source/_output/site_libs/quarto-html/tippy.umd.min.js"/>
  </item>
  <item item-type="article-source">
    <instance media-type="application/octet-stream" xlink:href="source/_quarto.yml"/>
  </item>
  <item item-type="article-source">
    <instance media-type="application/octet-stream" xlink:href="source/index.qmd"/>
  </item>
  <item item-type="article-source">
    <instance media-type="application/x-ipynb+json" xlink:href="source/notebooks/2019-2024.embed.ipynb"/>
  </item>
  <item item-type="article-source">
    <instance media-type="application/octet-stream" xlink:href="source/notebooks/2019-2024.qmd"/>
  </item>
  <item item-type="article-source">
    <instance media-type="application/octet-stream" xlink:href="source/notebooks/forecasting.qmd"/>
  </item>
  <item item-type="article-source">
    <instance media-type="image/png" xlink:href="source/notebooks/forecasting_files/figure-ipynb/unnamed-chunk-1-1.png"/>
  </item>
  <item item-type="article-source">
    <instance media-type="image/png" xlink:href="source/notebooks/forecasting_files/figure-ipynb/unnamed-chunk-1-2.png"/>
  </item>
  <item item-type="article-source">
    <instance media-type="image/png" xlink:href="source/notebooks/forecasting_files/figure-ipynb/unnamed-chunk-1-3.png"/>
  </item>
  <item item-type="article-source">
    <instance media-type="application/octet-stream" xlink:href="source/notebooks/fundamentals.qmd"/>
  </item>
  <item item-type="article-source">
    <instance media-type="application/x-ipynb+json" xlink:href="source/notebooks/intro.embed.ipynb"/>
  </item>
  <item item-type="article-source">
    <instance media-type="application/octet-stream" xlink:href="source/notebooks/intro.qmd"/>
  </item>
  <item item-type="article-source">
    <instance media-type="image/png" xlink:href="source/notebooks/intro_files/figure-jats/unnamed-chunk-1-1.png"/>
  </item>
  <item item-type="article-source">
    <instance media-type="application/x-ipynb+json" xlink:href="source/notebooks/personality.embed.ipynb"/>
  </item>
  <item item-type="article-source">
    <instance media-type="application/octet-stream" xlink:href="source/notebooks/personality.qmd"/>
  </item>
  <item item-type="article-source">
    <instance media-type="application/x-ipynb+json" xlink:href="source/notebooks/sector.embed.ipynb"/>
  </item>
  <item item-type="article-source">
    <instance media-type="application/octet-stream" xlink:href="source/notebooks/sector.qmd"/>
  </item>
  <item item-type="article-source">
    <instance media-type="application/octet-stream" xlink:href="source/notebooks/summary.qmd"/>
  </item>
  <item item-type="article-source">
    <instance media-type="application/octet-stream" xlink:href="source/notebooks/technical.qmd"/>
  </item>
  <item item-type="article-source">
    <instance media-type="application/octet-stream" xlink:href="source/references.bib"/>
  </item>
  <item item-type="article-source-directory">
    <instance media-type="application/x-directory" xlink:href="source"/>
  </item>
</manifest>