{
  "hash": "568ba883965cc1f38bbf293287492f5f",
  "result": {
    "engine": "knitr",
    "markdown": "::: {.callout-warning}\n## On the simplified nature of analysis in this document. \n\nSubject of financial analysis is very information-dense and to perform such an analysis (be it an analysis of industrial sectors, fundamental, technical, etc.) in earnest is a non-trivial job that we don't see ourselves capable of performing.\n\nTherefore, this document aims to provide a simplified, non-rigorous analysis aiming to showcase our understanding of course material and minimal proficiency in scientific communication using tools such as DeepSeek LLM with Web Search functionality, R language [@ProjectStatisticalComputing], its \"tidyquant\" package [@danchoTidyquantTidyQuantitative2025] and Quarto scientific publishing system [@Quarto].\n:::\n\n\n\n\n\n\n::: {.cell}\n\n```{.r .cell-code .hidden}\nplot(rnorm(100))\n```\n\n::: {.cell-output-display}\n![](intro_files/figure-html/unnamed-chunk-1-1.png){width=672}\n:::\n:::\n\n\n\n\n\n\nWe need better stuff though.\n\n\n\n\n\n\n::: {#tbl-planets .cell tbl-cap='Astronomical object'}\n\n```{.r .cell-code .hidden}\n#| label: tbl-planets\n#| tbl-cap: Astronomical object\nlibrary(quantmod)\n```\n\n::: {.cell-output .cell-output-stderr .hidden}\n\n```\nLoading required package: xts\n```\n\n\n:::\n\n::: {.cell-output .cell-output-stderr .hidden}\n\n```\nLoading required package: zoo\n```\n\n\n:::\n\n::: {.cell-output .cell-output-stderr .hidden}\n\n```\n\nAttaching package: 'zoo'\n```\n\n\n:::\n\n::: {.cell-output .cell-output-stderr .hidden}\n\n```\nThe following objects are masked from 'package:base':\n\n    as.Date, as.Date.numeric\n```\n\n\n:::\n\n::: {.cell-output .cell-output-stderr .hidden}\n\n```\nLoading required package: TTR\n```\n\n\n:::\n\n::: {.cell-output .cell-output-stderr .hidden}\n\n```\nRegistered S3 method overwritten by 'quantmod':\n  method            from\n  as.zoo.data.frame zoo \n```\n\n\n:::\n\n```{.r .cell-code .hidden}\n#| label: tbl-planets\n#| tbl-cap: Astronomical object\ngetSymbols('CPALTT01USQ657N',src = 'FRED')\n```\n\n::: {.cell-output .cell-output-stdout}\n\n```\n[1] \"CPALTT01USQ657N\"\n```\n\n\n:::\n\n```{.r .cell-code .hidden}\n#| label: tbl-planets\n#| tbl-cap: Astronomical object\ncpi.changes <- CPALTT01USQ657N\nhead(cpi.changes)\n```\n\n::: {.cell-output .cell-output-stdout}\n\n```\n           CPALTT01USQ657N\n1955-04-01       0.0000000\n1955-07-01       0.4993758\n1955-10-01       0.1242236\n1956-01-01      -0.2481390\n1956-04-01       0.8706468\n1956-07-01       1.2330456\n```\n\n\n:::\n\n```{.r .cell-code .hidden}\n#| label: tbl-planets\n#| tbl-cap: Astronomical object\nsummary(cpi.changes)\n```\n\n::: {.cell-output .cell-output-stdout}\n\n```\n     Index            CPALTT01USQ657N  \n Min.   :1955-04-01   Min.   :-2.8285  \n 1st Qu.:1972-06-08   1st Qu.: 0.3950  \n Median :1989-08-16   Median : 0.8018  \n Mean   :1989-08-16   Mean   : 0.8959  \n 3rd Qu.:2006-10-24   3rd Qu.: 1.1939  \n Max.   :2024-01-01   Max.   : 3.9508  \n```\n\n\n:::\n\n```{.r .cell-code .hidden}\n#| label: tbl-planets\n#| tbl-cap: Astronomical object\nplot(cpi.changes,main='CPI',ylab='%',xlab='Time')\n```\n\n::: {.cell-output-display}\n![](intro_files/figure-html/tbl-planets-1.png){width=672}\n:::\n:::\n\n\n\n\n\n\nUse this kind of macroeconomic analysis maybe?\n",
    "supporting": [
      "intro_files/figure-html"
    ],
    "filters": [
      "rmarkdown/pagebreak.lua"
    ],
    "includes": {},
    "engineDependencies": {},
    "preserve": {},
    "postProcess": true
  }
}